{"cameraMode":{"drawMode":0,"name":"Shaded","section":"Shading Mode"},"sceneLighting":true,"audioPlay":false,"sceneViewState":{"showFog":true,"showMaterialUpdate":false,"showSkybox":true,"showFlares":true,"showImageEffects":true,"showParticleSystems":true},"in2DMode":false,"pivot":{"x":1.697259545326233,"y":1.9038143157958985,"z":2.153718948364258},"rotation":{"x":0.3119948208332062,"y":-0.024223567917943,"z":0.007957651279866696,"w":0.9497426748275757},"size":6.409533500671387,"orthographic":false}