{"cameraMode":{"drawMode":0,"name":"Shaded","section":"Shading Mode"},"sceneLighting":true,"audioPlay":false,"sceneViewState":{"showFog":true,"showMaterialUpdate":false,"showSkybox":true,"showFlares":true,"showImageEffects":true,"showParticleSystems":true},"in2DMode":false,"pivot":{"x":-5.162770748138428,"y":-6.970582008361816,"z":14.26264762878418},"rotation":{"x":0.2850518226623535,"y":-0.18681150674819947,"z":0.0567459799349308,"w":0.9384262561798096},"size":22.119131088256837,"orthographic":false}